iter	MultiClass
0	0.5948866447
1	0.4483652688
2	0.3796189652
3	0.3369975175
4	0.315023711
5	0.2999822052
6	0.2907282646
7	0.2857205916
8	0.2818435025
9	0.2775375363
