iter	MultiClass
0	0.5494595216
1	0.3994759822
2	0.3240098288
3	0.2849607975
4	0.2605870757
5	0.2429344359
6	0.2344273411
7	0.2282256286
8	0.2231876037
9	0.2205187512
