iter	MultiClass
0	0.5978677666
1	0.4498411996
2	0.3778247394
3	0.3366748191
4	0.3146815838
5	0.3031432891
6	0.2917614492
7	0.2864613577
8	0.2818850252
9	0.2791929971
