iter	MultiClass
0	0.6694667216
1	0.5244298502
2	0.4570045872
3	0.4150478578
4	0.3814177845
5	0.3639763151
6	0.3486385939
7	0.3347354663
8	0.327417302
9	0.3186715246
