iter	MultiClass
0	1.007978592
1	0.9744437892
2	0.9633770163
3	0.9540338322
4	0.947071172
5	0.9437504084
6	0.941555112
7	0.9407264979
8	0.9399898347
9	0.9396016233
