iter	MultiClass
0	1.010987394
1	0.9822987156
2	0.9694803266
3	0.9589829294
4	0.9543183456
5	0.9508114139
6	0.9486357511
7	0.947594967
8	0.946787329
9	0.9461966918
