iter	MultiClass
0	0.9563275015
1	0.9067239177
2	0.8843446293
3	0.8728280867
4	0.866357968
5	0.8620811967
6	0.8597980335
7	0.8570385662
8	0.8559141065
9	0.8553556769
