iter	MultiClass
0	1.007609906
1	0.9760691184
2	0.9638143577
3	0.9566859282
4	0.9494012058
5	0.9455087843
6	0.9425017858
7	0.9413365655
8	0.9405610501
9	0.9397436202
