iter	MultiClass
0	1.002785298
1	0.9750737981
2	0.9624648441
3	0.9544190823
4	0.9501567444
5	0.9464807793
6	0.9448050853
7	0.9429022425
8	0.9421984684
9	0.9420252482
