iter	MultiClass
0	0.9978102624
1	0.964065613
2	0.9515564187
3	0.9435599859
4	0.9380452665
5	0.9348255863
6	0.9330902064
7	0.9314732888
8	0.9304051683
9	0.9301624942
