iter	MultiClass
0	0.9429352363
1	0.8954714526
2	0.8668629709
3	0.8558162139
4	0.8471256902
5	0.8433357872
6	0.8403916775
7	0.8381724065
8	0.8363767695
9	0.8357488305
