iter	MultiClass
0	0.9331286372
1	0.880025977
2	0.8547395194
3	0.8397270089
4	0.834868645
5	0.8288818268
6	0.8258787652
7	0.8236094032
8	0.8213530963
9	0.820114355
