iter	MultiClass
0	0.9330643879
1	0.8779083181
2	0.8517856091
3	0.8381699004
4	0.8317134546
5	0.8264110897
6	0.8232291363
7	0.8198319534
8	0.8174294596
9	0.8162085152
